{
    "MlibObjs": {},
    "cycles_program_begin": 184912384697301,
    "stat": {
        "nMops": 654721,
        "ru_self_cgstart": {
            "ru_utime_sec": 5.8211149999999998,
            "ru_stime_sec": 0.93685700000000005,
            "ru_maxrss_kb": 188940,
            "ru_minflt": 117419,
            "ru_nvcsw": 552,
            "ru_majflt": 0,
            "ru_nivcsw": 606
        },
        "ru_childs_cgstart": {
            "ru_utime_sec": 0.64490099999999995,
            "ru_stime_sec": 0.225965,
            "ru_maxrss_kb": 126872,
            "ru_minflt": 20432,
            "ru_nvcsw": 52,
            "ru_majflt": 0,
            "ru_nivcsw": 84
        },
        "cpu_cycles_cgstart": 184936743752688,
        "nQuads": 206338,
        "totalObjSize": 21858004,
        "ru_self_end": {
            "ru_utime_sec": 10.146457,
            "ru_stime_sec": 1.080835,
            "ru_maxrss_kb": 192012,
            "ru_minflt": 137370,
            "ru_nvcsw": 553,
            "ru_majflt": 0,
            "ru_nivcsw": 715
        },
        "ru_childs_end": {
            "ru_utime_sec": 0.64490099999999995,
            "ru_stime_sec": 0.225965,
            "ru_maxrss_kb": 126872,
            "ru_minflt": 20432,
            "ru_nvcsw": 52,
            "ru_majflt": 0,
            "ru_nivcsw": 84
        },
        "realTime": 10.458615064620972,
        "CodeGen(%)": 40.081535613960725,
        "cpu_cycles_end": 184955555621396,
        "cpu_cycles_total": 43170924095,
        "mopSpeed": 151368.60854008773,
        "outputSizePerQuad": 105.93300313078541,
        "quadSpeed": 47704.435857326433,
        "mop/quad": 3.1730510133858041,
        "Frontend(%)": 59.918464386039275,
        "peak_mem_kb": 418432
    },
    "perf": [
        {
            "stat": [
                "main",
                "entry",
                0.18077802658081055,
                0.60590699999999997,
                0.050992000000000003,
                216360,
                216360,
                0.0,
                0.0,
                1603011259.086442,
                184912389441754
            ],
            "sub": [
                {
                    "stat": [
                        "doParsingAndDesignResolution",
                        "entry",
                        0.24174714088439941,
                        0.64390199999999997,
                        0.056991,
                        237208,
                        238008,
                        0.0,
                        0.0,
                        1603011259.1474111,
                        184912645133560
                    ],
                    "sub": []
                },
                {
                    "stat": [
                        "doParsingAndDesignResolution",
                        "exit",
                        2.3301489353179932,
                        2.3826369999999999,
                        0.80487699999999995,
                        392180,
                        409780,
                        0.0,
                        0.0,
                        1603011261.2358129,
                        184921416469737
                    ],
                    "sub": []
                },
                {
                    "stat": [
                        "doPostDesignResolutionToVir2Vcs",
                        "entry",
                        2.3682620525360107,
                        2.4176320000000002,
                        0.80887699999999996,
                        378164,
                        409780,
                        0.0,
                        0.0,
                        1603011261.273926,
                        184921576543984
                    ],
                    "sub": [
                        {
                            "stat": [
                                "doUptoVir2VcsNoSepCleanup",
                                "entry",
                                3.1760361194610596,
                                3.2045119999999998,
                                0.825874,
                                378552,
                                409780,
                                0.601908,
                                0.20796799999999999,
                                1603011262.0817001,
                                184924969157888
                            ],
                            "sub": []
                        },
                        {
                            "stat": [
                                "doUptoVir2VcsNoSepCleanup",
                                "exit",
                                5.6227090358734131,
                                5.5881499999999997,
                                0.86786799999999997,
                                404920,
                                409780,
                                0.604908,
                                0.21696699999999999,
                                1603011264.528373,
                                184935245174488
                            ],
                            "sub": []
                        },
                        {
                            "stat": [
                                "doRadify_vir2vcsAll",
                                "entry",
                                5.6248800754547119,
                                5.5901499999999995,
                                0.86786799999999997,
                                404920,
                                409780,
                                0.604908,
                                0.21696699999999999,
                                1603011264.530544,
                                184935254288576
                            ],
                            "sub": []
                        },
                        {
                            "stat": [
                                "doRadify_vir2vcsAll",
                                "exit",
                                5.9031720161437988,
                                5.8031170000000003,
                                0.93185799999999996,
                                418432,
                                418432,
                                0.604908,
                                0.21696699999999999,
                                1603011264.808836,
                                184936423312449
                            ],
                            "sub": []
                        }
                    ]
                },
                {
                    "stat": [
                        "doPostDesignResolutionToVir2Vcs",
                        "exit",
                        5.9032740592956543,
                        5.8031170000000003,
                        0.93185799999999996,
                        418432,
                        418432,
                        0.604908,
                        0.21696699999999999,
                        1603011264.808938,
                        184936423443054
                    ],
                    "sub": []
                },
                {
                    "stat": [
                        "doGAToPass2",
                        "entry",
                        5.90329909324646,
                        5.8031170000000003,
                        0.93185799999999996,
                        418432,
                        418432,
                        0.604908,
                        0.21696699999999999,
                        1603011264.8089631,
                        184936423523437
                    ],